nchar	nPosts
1	16758
2	35143
3	9562
4	8468
5	19406
6	13572
7	12941
8	9681
9	10539
10	9449
11	10522
12	11488
13	12486
14	13250
15	14035
16	14839
17	14697
18	14859
19	14997
20	14693
21	15349
22	15043
23	15242
24	15018
25	15270
26	15229
27	15349
28	15895
29	15648
30	15532
31	15478
32	15625
33	15867
34	16005
35	15830
36	15773
37	15629
38	15635
39	15825
40	15435
41	15260
42	15264
43	15153
44	15014
45	15286
46	14755
47	14966
48	14482
49	14895
50	14433
51	14367
52	14281
53	14360
54	14296
55	14087
56	13996
57	14066
58	14014
59	14003
60	13822
61	13788
62	13469
63	13461
64	13273
65	13653
66	13500
67	13323
68	13207
69	12954
70	13153
71	13074
72	12824
73	12644
74	12823
75	12435
76	12433
77	12558
78	12395
79	12273
80	12524
81	12088
82	12156
83	11974
84	11906
85	11810
86	11700
87	11544
88	11549
89	11563
90	11438
91	11269
92	11391
93	11165
94	11322
95	11183
96	11186
97	11161
98	10933
99	10807
100	10703
101	10931
102	10476
103	10642
104	10630
105	10557
106	10660
16490	1
107	10181
108	10240
109	10343
110	10091
111	9808
112	10308
113	9852
114	10082
115	9710
116	9676
117	9792
118	9919
119	9727
120	9521
121	9600
122	9573
123	9464
124	9337
125	9257
126	9292
127	9161
128	9365
129	9110
130	9190
131	8998
132	8998
133	8864
134	8883
135	8783
136	8773
137	8702
138	8789
139	8738
140	8562
141	8612
142	8650
143	8441
144	8460
145	8560
146	8487
147	8517
148	8881
149	8272
150	8391
151	8266
152	8034
153	8033
154	7874
155	7852
156	7816
157	7805
158	7723
159	7871
160	7678
161	7704
162	7526
163	7633
164	7642
165	7452
166	7477
167	7421
168	7397
169	7383
170	7288
171	7258
172	7403
173	7393
174	7157
175	7091
176	7079
177	6959
178	7032
179	7069
180	7052
181	6987
182	6936
183	6874
16567	1
184	6750
185	6801
186	6787
187	6729
188	6665
189	6543
190	6565
191	6606
192	6473
193	6426
194	6391
195	6459
196	6481
197	6501
198	6439
199	6328
200	6271
201	6281
202	6312
203	6179
204	6046
205	6155
206	6212
207	6096
208	5810
209	5834
210	6022
211	5879
212	5865
16596	1
213	5874
214	5954
215	5657
216	5680
217	5708
218	5828
219	5695
220	5654
221	5637
222	5503
223	5392
224	5415
225	5514
226	5496
227	5413
228	5394
229	5468
230	5424
231	5320
232	5298
233	5229
234	5164
235	5357
236	5298
237	5159
238	5178
239	5210
240	5113
241	5032
242	5098
243	5009
244	5116
245	4955
246	4915
247	4900
248	4841
249	4780
250	4810
251	4866
252	4887
253	4759
254	4754
255	4739
256	4704
257	4758
258	4737
259	4673
260	4551
261	4582
262	4622
263	4507
264	4514
265	4595
266	4560
267	4493
268	4523
269	4408
270	4394
271	4302
272	4344
273	4440
274	4296
275	4243
276	4152
277	4141
278	4256
279	4276
280	4305
281	4070
282	4084
283	4190
284	4134
285	4131
286	4039
287	4186
288	4002
289	4108
290	3975
291	4076
292	3859
293	3988
294	4015
295	3999
296	4068
297	3890
298	3881
299	3810
300	3853
301	3850
302	3856
303	3805
304	3827
305	3710
306	3838
307	3755
308	3727
309	3611
310	3740
311	3644
312	3576
313	3652
314	3628
315	3556
316	3631
317	3606
318	3603
319	3592
320	3484
321	3446
322	3579
323	3537
324	3414
325	3392
326	3394
327	3475
328	3438
329	3420
330	3336
331	3377
332	3314
333	3253
334	3354
335	3307
336	3200
337	3277
338	3339
339	3260
340	3189
341	3276
342	3151
343	3218
344	3103
345	3116
346	3144
347	3111
348	3166
349	3119
350	3157
351	3156
352	3011
353	3079
354	3180
355	3078
356	3084
357	2995
358	2957
359	3040
360	2946
361	2859
16745	1
362	2980
363	3012
364	2903
365	2900
366	2970
367	2895
368	2980
369	2925
370	2813
371	2769
372	2802
373	2772
374	2702
33142	1
375	2833
376	2777
377	2728
378	2748
379	2789
380	2733
381	2722
382	2662
383	2721
384	2761
385	2686
386	2741
387	2678
388	2646
389	2667
390	2700
391	2691
392	2551
393	2574
394	2606
395	2618
396	2593
397	2542
398	2633
399	2623
400	2559
401	2606
402	2598
403	2506
404	2514
405	2419
406	2510
407	2438
408	2487
16792	1
409	2426
410	2444
411	2409
412	2392
413	2467
414	2368
415	2480
416	2403
417	2455
418	2353
419	2427
420	2382
421	2351
422	2369
423	2446
424	2289
425	2289
426	2315
427	2279
428	2305
429	2276
430	2303
431	2327
432	2284
433	2272
434	2244
435	2237
436	2180
437	2160
438	2238
439	2129
440	2162
441	2213
442	2145
443	2233
444	2218
445	2175
446	2093
447	2071
448	2120
449	2174
450	2103
451	2066
452	2065
453	2127
454	2083
455	2089
456	1992
457	2016
458	1992
459	2053
460	2048
16844	1
461	2069
462	2077
463	2093
464	2051
465	2016
466	1975
467	2009
468	2028
469	1949
470	2005
471	1888
472	1876
473	2009
474	1941
475	1853
476	1911
477	1957
478	1895
479	1835
480	1872
481	1897
482	1911
483	1904
484	1865
485	1969
486	1791
487	1851
488	1849
489	1897
490	1843
491	1740
492	1844
493	1757
494	1821
495	1844
496	1764
497	1749
498	1786
499	1768
500	1823
501	1747
502	1812
503	1783
504	1708
505	1739
506	1683
507	1662
508	1725
509	1646
510	1719
511	1714
512	1701
513	1629
514	1685
515	1665
516	1723
517	1667
518	1675
519	1643
520	1692
521	1686
522	1631
523	1620
524	1591
525	1605
526	1614
527	1590
528	1607
529	1547
530	1516
531	1597
532	1638
533	1537
534	1569
535	1573
536	1543
537	1595
538	1540
539	1574
540	1495
541	1543
542	1584
543	1584
544	1528
545	1417
546	1531
547	1505
548	1487
549	1511
550	1437
551	1434
552	1512
553	1422
554	1447
555	1447
556	1422
557	1417
558	1375
559	1408
560	1450
561	1453
562	1387
563	1410
564	1434
565	1498
566	1414
567	1418
568	1418
569	1443
570	1392
571	1439
572	1460
573	1330
574	1356
575	1383
576	1346
577	1330
578	1334
579	1313
580	1263
581	1282
582	1360
583	1314
584	1341
585	1343
586	1334
587	1327
588	1285
589	1308
590	1326
591	1243
592	1330
593	1188
594	1250
595	1282
596	1293
597	1253
598	1282
16982	1
599	1271
600	1264
601	1214
602	1215
603	1218
604	1196
605	1263
606	1220
607	1153
608	1275
609	1274
610	1238
611	1198
612	1258
613	1199
614	1209
615	1206
616	1157
617	1208
618	1176
619	1112
620	1191
621	1173
622	1203
623	1240
624	1158
625	1110
626	1144
627	1174
628	1126
629	1163
630	1146
631	1154
632	1138
633	1105
634	1101
635	1088
636	1115
637	1083
638	1097
639	1133
640	1040
641	1066
642	1112
643	1119
644	1122
645	1106
646	1065
647	1113
648	1066
649	1028
650	1000
651	1063
652	1032
653	1023
654	1080
655	1033
656	1076
657	1086
658	1032
659	1039
660	1079
661	974
662	1080
663	979
664	1009
665	1071
666	976
667	1002
668	1049
669	1038
670	1060
17054	1
671	1046
672	938
673	987
674	995
675	961
676	1027
677	944
678	1035
679	945
680	1034
681	951
682	984
683	949
684	943
685	922
686	931
687	959
688	919
689	938
690	971
691	916
692	965
693	967
694	928
695	957
696	922
697	900
698	912
699	886
700	892
701	900
702	896
703	887
704	922
705	910
706	955
707	898
708	883
709	891
710	845
711	881
712	896
713	911
714	886
715	904
716	855
717	883
718	802
719	836
720	881
721	841
722	912
723	862
724	855
725	795
726	863
727	880
728	847
729	844
730	840
731	820
732	855
733	852
734	835
735	797
736	838
737	808
738	797
739	771
740	839
741	812
742	806
743	792
744	811
745	764
746	816
747	817
748	820
749	781
750	728
751	787
752	779
753	855
754	710
755	851
756	770
757	766
758	707
759	714
760	737
761	802
762	714
763	752
764	770
765	762
766	768
767	798
768	736
769	798
770	722
771	741
772	726
773	753
774	727
775	744
776	755
777	697
778	724
779	711
780	715
781	741
782	702
783	739
784	697
785	727
786	703
787	712
788	743
789	742
790	730
791	713
792	721
793	697
794	654
795	690
796	678
797	679
798	663
799	681
800	670
801	713
802	705
803	666
804	669
805	700
806	707
807	625
808	658
809	657
810	715
811	714
812	666
813	653
814	676
815	653
816	697
817	645
818	589
819	667
820	686
821	619
822	616
823	661
824	617
825	615
826	627
827	621
828	615
829	654
830	597
831	671
832	665
833	606
834	607
835	627
836	612
837	616
838	637
839	606
840	551
17224	1
841	586
842	620
843	598
844	611
845	615
846	605
847	584
848	656
849	575
850	565
851	588
852	591
853	582
854	588
855	590
856	599
857	566
858	587
859	561
860	573
861	557
862	619
863	547
864	553
865	564
866	580
867	576
868	540
869	565
870	531
871	546
872	513
873	562
874	549
875	550
876	475
877	522
878	546
879	525
880	519
881	613
882	493
883	520
884	572
885	546
886	527
887	524
888	541
889	531
890	507
891	566
892	492
893	583
894	552
895	564
896	527
897	495
898	535
899	548
900	522
901	492
902	503
903	510
904	485
905	512
906	501
907	519
908	518
909	499
910	532
911	481
912	516
913	479
914	513
915	507
916	519
917	493
918	490
919	514
920	467
921	487
922	450
923	493
924	445
925	468
926	447
927	479
928	478
929	472
930	431
931	471
932	475
933	497
934	487
935	522
936	463
937	504
938	441
939	475
940	463
941	468
942	421
943	504
944	466
945	437
946	483
947	432
948	466
949	433
950	448
951	450
952	446
953	443
954	468
955	462
956	409
957	428
958	421
959	434
960	393
961	433
962	462
963	417
964	434
965	409
966	463
967	427
968	470
969	448
970	454
971	424
972	409
973	416
974	391
975	449
976	421
977	399
978	394
979	474
980	426
981	428
982	376
983	383
984	399
985	400
986	413
987	403
988	397
989	370
990	378
991	425
992	404
993	413
994	412
995	396
996	395
997	393
998	397
999	362
1000	409
1001	412
1002	410
1003	380
1004	378
1005	437
1006	398
1007	391
1008	383
1009	437
1010	406
1011	377
1012	372
1013	364
1014	416
1015	411
1016	408
1017	382
1018	378
1019	389
1020	377
1021	394
1022	369
1023	372
1024	393
1025	401
1026	364
1027	362
1028	366
1029	340
1030	370
1031	359
1032	386
1033	375
1034	371
1035	385
1036	348
1037	360
1038	380
1039	358
1040	345
1041	382
1042	366
1043	367
1044	385
1045	360
1046	315
1047	383
1048	393
1049	362
1050	350
1051	353
1052	309
1053	344
1054	353
1055	316
1056	327
1057	317
1058	317
1059	378
1060	343
1061	331
1062	331
1063	333
1064	361
1065	342
1066	344
1067	332
1068	331
1069	297
1070	355
1071	311
1072	340
1073	310
1074	320
1075	342
1076	320
1077	324
1078	315
1079	323
1080	347
1081	303
1082	324
1083	330
1084	336
1085	317
1086	315
1087	303
1088	326
1089	316
1090	307
1091	308
1092	293
1093	294
1094	316
17478	2
1095	312
1096	314
1097	334
1098	314
1099	316
1100	325
1101	321
1102	335
1103	277
1104	302
1105	306
1106	288
1107	320
1108	313
1109	297
1110	309
1111	301
1112	314
1113	313
1114	305
1115	278
1116	300
1117	284
1118	281
1119	306
1120	291
1121	279
1122	330
1123	302
1124	284
1125	284
1126	295
1127	287
1128	268
1129	291
1130	284
1131	283
1132	273
1133	309
1134	278
1135	326
1136	313
1137	248
1138	296
1139	284
1140	267
1141	295
1142	279
1143	287
1144	264
1145	259
1146	298
1147	277
1148	251
1149	290
1150	287
1151	265
17536	3
1152	247
1153	297
1154	261
1155	279
1156	270
1157	324
1158	250
1159	258
1160	255
1161	276
1162	250
1163	258
1164	285
1165	252
1166	292
1167	253
1168	237
1169	242
1170	261
1171	266
1172	225
1173	252
1174	246
1175	242
1176	257
1177	264
1178	233
1179	237
1180	255
1181	249
1182	242
1183	261
1184	239
1185	232
1186	248
1187	251
1188	232
1189	238
1190	246
1191	246
1192	252
1193	236
1194	251
1195	246
1196	231
1197	236
1198	249
1199	223
1200	228
1201	277
1202	249
1203	261
1204	233
1205	247
1206	203
1207	245
1208	223
1209	231
1210	280
1211	245
1212	237
1213	229
50365	1
1214	258
1215	221
1216	220
1217	217
1218	236
1219	251
1220	189
1221	251
1222	233
1223	207
1224	219
1225	258
1226	217
1227	220
1228	217
1229	230
1230	201
1231	193
1232	256
1233	210
1234	243
1235	189
1236	228
1237	240
1238	211
1239	229
1240	220
1241	186
1242	220
1243	212
1244	229
1245	191
1246	202
1247	211
1248	216
1249	175
1250	198
1251	188
1252	211
1253	198
1254	220
1255	214
1256	223
1257	197
1258	206
1259	196
1260	207
1261	212
1262	208
1263	218
1264	198
1265	210
1266	207
1267	232
1268	175
1269	178
1270	201
1271	190
1272	202
1273	203
1274	203
1275	217
1276	195
1277	179
1278	216
1279	192
1280	196
1281	209
1282	206
1283	198
1284	196
1285	208
1286	182
1287	205
1288	193
1289	175
1290	198
1291	203
1292	178
1293	172
1294	155
1295	187
1296	197
1297	165
1298	176
1299	203
1300	179
1301	214
1302	194
1303	202
1304	162
1305	203
1306	172
1307	170
1308	199
1309	172
1310	179
1311	192
1312	184
1313	162
1314	194
1315	191
1316	176
1317	175
1318	166
1319	163
1320	179
1321	176
1322	195
1323	196
1324	187
1325	181
1326	164
1327	169
1328	193
1329	183
1330	195
1331	178
1332	153
1333	180
1334	177
1335	162
1336	180
1337	143
1338	172
1339	167
1340	167
1341	146
1342	181
1343	201
1344	186
1345	163
1346	183
1347	177
1348	182
1349	182
1350	186
1351	166
1352	195
1353	165
1354	161
1355	167
1356	181
1357	162
1358	169
1359	156
1360	149
1361	166
1362	146
1363	164
1364	142
1365	163
1366	159
1367	159
1368	172
1369	150
1370	163
1371	175
1372	143
1373	160
1374	179
1375	161
1376	180
1377	139
1378	175
1379	143
1380	156
1381	165
1382	168
1383	134
1384	155
1385	138
1386	156
1387	165
1388	149
1389	163
1390	157
1391	141
1392	160
1393	168
1394	157
1395	154
1396	157
1397	163
1398	145
1399	165
1400	135
1401	175
1402	146
1403	158
1404	154
1405	144
1406	158
1407	162
1408	150
1409	160
1410	141
1411	140
1412	138
1413	141
1414	150
1415	167
1416	138
1417	154
1418	138
1419	144
1420	123
1421	147
1422	158
1423	158
1424	132
1425	153
1426	141
1427	118
1428	149
1429	149
1430	135
1431	146
1432	143
1433	141
1434	154
1435	127
1436	133
1437	143
1438	145
1439	141
1440	139
1441	123
1442	146
1443	139
1444	131
1445	144
1446	138
1447	132
1448	114
1449	155
1450	102
1451	141
1452	124
1453	125
1454	133
1455	155
1456	130
1457	134
1458	128
1459	141
1460	171
1461	118
1462	153
1463	124
1464	144
1465	128
1466	151
1467	107
1468	143
1469	126
1470	145
1471	125
1472	114
1473	132
1474	140
1475	111
1476	106
1477	131
1478	136
1479	122
1480	139
1481	133
1482	155
1483	139
1484	114
1485	118
1486	110
1487	122
1488	131
1489	106
1490	122
1491	128
1492	116
1493	115
1494	126
1495	114
1496	99
1497	135
1498	113
1499	135
1500	113
1501	120
1502	122
1503	110
1504	108
1505	135
1506	136
1507	128
1508	111
1509	115
1510	124
1511	120
1512	101
1513	126
17897	1
1514	106
1515	120
1516	100
1517	123
1518	129
1519	114
1520	106
1521	115
1522	129
1523	133
1524	123
1525	81
1526	122
1527	103
1528	110
1529	103
1530	118
1531	129
1532	106
1533	113
1534	122
1535	142
1536	123
1537	109
1538	115
1539	97
1540	117
1541	110
1542	107
1543	94
1544	104
1545	108
1546	137
1547	114
1548	112
1549	100
1550	105
1551	98
1552	114
1553	127
1554	94
1555	114
1556	114
1557	113
1558	108
1559	90
1560	98
1561	98
1562	109
1563	115
1564	103
1565	113
1566	113
1567	119
1568	117
1569	96
1570	124
1571	110
1572	105
1573	109
1574	106
1575	112
1576	101
1577	102
1578	103
1579	120
1580	95
1581	92
1582	105
1583	104
1584	95
1585	87
1586	101
1587	105
1588	92
1589	90
1590	114
1591	96
1592	102
1593	96
1594	101
1595	93
1596	98
1597	98
1598	108
1599	104
1600	117
1601	88
1602	102
1603	105
1604	94
1605	104
1606	87
1607	91
1608	89
1609	104
1610	108
1611	93
1612	100
1613	97
1614	92
1615	96
1616	86
1617	82
1618	76
1619	95
1620	97
1621	91
1622	100
1623	95
1624	85
1625	93
1626	96
1627	99
1628	107
1629	102
1630	87
1631	100
1632	100
1633	80
1634	89
1635	78
1636	84
1637	72
1638	79
1639	86
1640	101
1641	89
1642	91
1643	74
1644	82
1645	104
1646	92
1647	102
1648	80
1649	105
1650	93
1651	91
1652	83
1653	91
1654	94
1655	75
1656	83
1657	93
1658	83
1659	90
1660	96
1661	80
1662	90
1663	94
1664	74
1665	90
1666	84
1667	105
1668	95
1669	70
1670	81
1671	90
1672	72
1673	74
1674	86
1675	70
1676	92
1677	85
1678	89
1679	79
1680	75
1681	80
1682	71
1683	86
1684	98
1685	101
1686	69
1687	84
1688	94
1689	72
1690	89
1691	80
1692	94
1693	67
1694	71
1695	81
1696	66
1697	82
1698	78
1699	74
1700	95
1701	89
1702	84
1703	76
1704	91
1705	66
1706	77
18090	1
1707	83
1708	65
1709	74
1710	73
1711	86
1712	71
1713	75
1714	77
1715	86
1716	97
1717	77
1718	95
1719	80
1720	72
1721	78
1722	83
1723	71
1724	73
1725	73
1726	80
1727	73
1728	79
1729	97
1730	83
1731	82
1732	79
1733	72
1734	86
1735	73
1736	67
1737	81
1738	78
1739	74
1740	84
1741	73
1742	72
1743	72
1744	80
1745	80
1746	75
1747	72
1748	64
1749	64
1750	65
1751	82
1752	77
1753	82
1754	72
1755	59
1756	60
1757	65
1758	77
1759	67
1760	79
1761	79
1762	69
1763	67
1764	79
1765	70
1766	83
1767	71
1768	70
1769	73
1770	66
1771	84
1772	77
1773	72
1774	69
1775	77
1776	67
1777	78
1778	64
1779	68
1780	66
1781	88
1782	62
1783	62
1784	79
1785	84
1786	74
1787	55
1788	63
1789	70
1790	73
1791	70
1792	81
1793	70
1794	52
1795	58
1796	101
1797	56
1798	64
1799	59
1800	73
1801	63
1802	72
1803	70
1804	71
1805	57
1806	74
1807	73
1808	76
1809	47
1810	64
1811	59
1812	64
1813	72
1814	54
1815	53
1816	73
1817	62
1818	56
1819	66
1820	71
1821	54
1822	67
1823	78
1824	59
1825	56
1826	65
1827	54
1828	69
1829	65
1830	68
1831	56
1832	58
1833	65
1834	62
1835	62
1836	55
1837	74
1838	51
1839	64
1840	46
1841	54
1842	63
1843	73
1844	74
1845	60
1846	81
1847	59
1848	69
1849	66
1850	58
1851	64
18235	1
1852	62
1853	67
1854	66
1855	59
1856	69
1857	59
1858	50
1859	61
1860	61
1861	47
1862	55
1863	68
1864	65
1865	53
1866	57
1867	50
1868	60
1869	51
1870	65
1871	66
1872	62
1873	48
1874	69
1875	56
1876	54
1877	62
1878	60
1879	51
1880	79
1881	56
1882	51
1883	63
1884	56
1885	68
1886	46
1887	54
1888	57
1889	46
1890	65
1891	49
1892	53
1893	69
1894	54
1895	59
1896	57
1897	55
1898	59
1899	42
1900	57
1901	55
1902	53
1903	45
1904	54
1905	51
1906	50
1907	62
18291	1
1908	56
1909	56
1910	50
1911	60
1912	66
1913	46
1914	46
1915	49
1916	61
1917	56
1918	54
1919	42
1920	55
1921	55
1922	63
1923	46
1924	40
1925	54
1926	57
1927	49
1928	54
1929	37
1930	45
1931	48
1932	61
1933	41
1934	57
1935	45
1936	56
1937	48
1938	55
1939	56
1940	48
1941	58
1942	46
1943	44
1944	52
1945	55
1946	51
1947	53
1948	62
1949	59
1950	50
1951	44
1952	51
1953	56
1954	48
1955	38
1956	41
1957	49
1958	43
1959	40
1960	43
18344	1
1961	47
1962	66
1963	53
1964	58
1965	52
1966	39
1967	64
1968	53
1969	49
1970	49
1971	41
1972	37
1973	44
1974	47
1975	49
1976	37
1977	45
1978	42
1979	40
34747	2
1980	46
1981	54
1982	49
1983	36
1984	53
1985	41
1986	48
1987	52
1988	41
1989	52
1990	55
1991	52
1992	54
1993	69
1994	52
1995	51
1996	38
1997	43
1998	39
1999	51
2000	39
2001	43
2002	39
2003	41
2004	40
2005	39
2006	41
2007	44
2008	42
2009	42
2010	41
2011	47
2012	45
2013	42
2014	46
2015	44
2016	43
2017	38
2018	42
2019	41
2020	40
2021	46
2022	36
2023	47
2024	49
2025	45
34793	1
2026	45
2027	44
2028	40
2029	49
2030	31
2031	35
2032	39
2033	43
2034	39
2035	45
2036	41
2037	41
2038	39
2039	45
2040	48
2041	29
2042	44
2043	49
2044	39
2045	33
2046	36
2047	40
2048	40
2049	42
2050	51
2051	51
2052	37
2053	38
2054	59
2055	38
2056	35
2057	36
2058	46
2059	47
2060	48
2061	34
2062	48
2063	44
2064	45
2065	50
2066	34
2067	38
2068	38
2069	41
2070	36
2071	37
2072	41
2073	42
2074	31
2075	50
2076	39
2077	39
2078	38
2079	46
2080	38
2081	30
2082	39
2083	36
2084	39
2085	44
2086	47
2087	34
2088	33
2089	33
2090	53
2091	38
2092	54
2093	41
2094	31
2095	35
2096	42
2097	45
2098	39
2099	33
2100	38
2101	34
2102	44
2103	24
2104	37
2105	41
2106	39
2107	36
2108	37
2109	38
2110	36
2111	34
2112	32
2113	29
2114	33
2115	41
2116	43
18500	1
2117	40
2118	46
2119	30
2120	41
2121	39
2122	41
2123	36
34891	1
2124	46
2125	35
2126	34
2127	27
2128	30
2129	26
2130	33
2131	30
2132	39
2133	39
2134	28
2135	48
2136	30
2137	35
2138	34
2139	35
2140	29
2141	39
2142	44
2143	35
2144	35
2145	47
2146	34
2147	29
2148	28
2149	28
2150	24
2151	41
2152	36
2153	37
2154	22
2155	29
2156	34
18540	1
2157	37
2158	37
2159	28
2160	31
2161	31
2162	42
2163	27
2164	34
2165	31
2166	35
2167	27
2168	33
2169	40
2170	36
2171	31
2172	33
2173	26
2174	33
2175	29
2176	39
2177	42
18561	1
2178	31
2179	28
2180	36
2181	34
2182	39
2183	34
2184	40
2185	27
2186	34
2187	29
2188	32
2189	40
2190	39
2191	35
2192	30
2193	24
2194	27
2195	41
2196	39
2197	33
2198	26
2199	37
2200	30
2201	26
2202	30
2203	32
2204	30
2205	29
2206	23
2207	31
2208	27
2209	31
2210	31
2211	37
2212	28
2213	36
2214	35
2215	28
18599	1
2216	26
2217	25
2218	18
2219	31
2220	36
2221	26
2222	28
2223	27
2224	31
18608	1
2225	33
2226	40
2227	27
2228	41
2229	37
2230	29
2231	27
18615	2
2232	25
2233	28
2234	41
2235	30
2236	20
2237	33
2238	28
2239	29
2240	32
2241	32
2242	34
2243	23
2244	36
2245	30
2246	35
2247	25
2248	30
2249	35
2250	22
2251	26
2252	39
2253	27
2254	29
2255	35
2256	35
2257	30
2258	24
2259	39
2260	29
2261	29
2262	22
2263	34
2264	33
2265	33
2266	28
2267	32
2268	31
2269	34
2270	27
2271	25
2272	27
2273	36
2274	29
2275	26
2276	21
2277	32
2278	27
2279	29
2280	33
2281	22
2282	22
2283	33
2284	27
2285	25
2286	26
2287	31
2288	22
2289	28
2290	21
2291	28
2292	30
2293	27
2294	34
2295	29
2296	14
2297	21
2298	24
2299	30
2300	24
2301	24
2302	31
2303	27
2304	26
2305	30
2306	19
2307	24
2308	32
2309	30
2310	18
2311	20
2312	23
2313	29
2314	30
2315	32
2316	15
2317	22
2318	26
2319	17
2320	26
2321	27
2322	35
2323	28
2324	27
2325	22
2326	18
2327	17
2328	23
2329	21
2330	18
2331	20
2332	35
2333	28
2334	17
2335	29
2336	24
2337	23
2338	24
2339	26
2340	25
2341	21
2342	25
2343	17
2344	25
2345	30
2346	21
2347	21
2348	32
2349	22
2350	23
2351	20
2352	25
2353	23
2354	29
2355	22
2356	27
2357	27
2358	18
2359	25
2360	29
2361	19
2362	16
2363	24
2364	28
2365	21
2366	33
2367	25
2368	23
2369	23
2370	18
2371	30
2372	22
2373	29
2374	33
2375	22
2376	22
2377	30
2378	19
2379	25
2380	19
2381	21
2382	31
2383	15
2384	19
2385	22
2386	19
2387	26
2388	28
2389	28
2390	24
2391	12
2392	20
2393	17
2394	27
2395	18
2396	17
2397	16
2398	25
2399	20
2400	13
2401	31
2402	23
2403	29
2404	21
2405	22
2406	26
2407	20
2408	16
2409	33
2410	18
2411	25
2412	24
2413	22
2414	23
2415	17
2416	16
2417	12
2418	25
2419	22
2420	17
2421	14
2422	28
2423	12
2424	20
2425	22
2426	30
2427	24
2428	21
2429	31
2430	25
2431	24
2432	24
2433	22
2434	24
2435	25
2436	23
2437	27
2438	23
2439	25
2440	20
2441	17
2442	25
2443	11
2444	18
2445	23
2446	24
2447	23
2448	18
2449	20
2450	18
2451	28
2452	27
2453	18
2454	28
2455	20
2456	30
2457	25
2458	21
2459	22
2460	22
2461	25
2462	16
2463	17
2464	20
2465	27
2466	16
2467	16
2468	16
2469	19
2470	24
2471	17
2472	19
2473	23
2474	22
2475	13
2476	18
2477	17
2478	27
2479	16
2480	26
2481	22
2482	24
2483	22
2484	24
2485	25
2486	23
2487	12
2488	14
2489	18
2490	24
2491	21
2492	18
2493	18
2494	23
2495	15
2496	15
2497	18
2498	21
2499	25
2500	20
2501	20
2502	16
2503	27
2504	22
2505	18
2506	15
2507	17
2508	14
2509	20
2510	21
2511	17
2512	15
2513	16
2514	16
2515	22
2516	25
2517	16
2518	20
2519	10
2520	18
2521	15
2522	22
2523	21
2524	17
2525	13
2526	19
2527	16
2528	15
2529	21
2530	16
2531	17
2532	22
2533	21
35301	1
2534	23
2535	18
2536	26
2537	25
2538	26
2539	17
2540	22
2541	16
2542	18
2543	21
2544	12
2545	21
2546	20
2547	21
2548	22
2549	14
2550	15
2551	21
2552	15
2553	19
2554	21
2555	13
2556	13
2557	16
2558	22
2559	15
2560	24
2561	13
2562	16
2563	21
2564	16
2565	20
2566	18
2567	22
2568	13
2569	12
2570	21
2571	19
2572	22
2573	17
2574	14
2575	17
2576	15
2577	12
2578	15
2579	20
2580	13
2581	19
2582	10
2583	19
2584	16
2585	11
2586	13
2587	15
2588	19
2589	17
2590	25
2591	19
2592	13
2593	18
2594	17
2595	20
2596	17
2597	13
2598	15
2599	25
2600	14
2601	17
2602	22
2603	15
2604	10
2605	17
2606	19
2607	19
2608	12
2609	20
2610	16
2611	18
18995	1
2612	28
2613	17
2614	20
2615	12
2616	14
2617	16
2618	17
2619	23
2620	18
19004	1
2621	29
2622	20
2623	13
2624	19
2625	11
2626	16
2627	20
2628	15
2629	25
2630	15
2631	17
2632	23
2633	9
2634	10
2635	19
2636	24
2637	11
2638	12
2639	19
2640	14
2641	10
2642	13
2643	18
2644	15
2645	21
2646	14
2647	13
2648	17
2649	18
2650	17
2651	14
2652	17
2653	10
2654	14
2655	14
2656	15
2657	16
2658	12
2659	18
2660	16
2661	15
2662	14
2663	22
2664	14
2665	13
2666	22
2667	15
2668	13
2669	16
2670	14
2671	14
2672	12
2673	18
2674	12
2675	12
2676	11
2677	9
2678	12
2679	15
2680	19
2681	21
2682	15
2683	11
2684	22
2685	16
2686	21
2687	6
2688	13
2689	13
2690	11
2691	12
2692	15
2693	15
2694	11
2695	8
2696	11
2697	8
2698	18
2699	14
2700	17
2701	17
2702	23
2703	10
2704	10
2705	13
2706	13
2707	17
2708	14
2709	20
2710	11
2711	11
2712	17
2713	12
2714	19
2715	20
2716	17
2717	19
2718	16
2719	20
2720	13
2721	9
2722	23
2723	14
2724	16
2725	11
2726	16
2727	14
2728	17
2729	16
2730	16
2731	19
2732	20
2733	8
2734	14
2735	11
2736	13
2737	16
2738	11
2739	7
2740	17
2741	14
2742	13
2743	20
2744	16
2745	8
2746	13
2747	17
2748	12
2749	20
2750	7
2751	9
2752	5
2753	18
19137	1
2754	10
2755	20
2756	15
2757	19
2758	13
2759	16
2760	7
2761	16
2762	10
2763	8
2764	16
2765	15
2766	17
2767	19
2768	20
2769	14
2770	9
2771	12
2772	17
2773	10
2774	9
2775	24
2776	14
2777	8
2778	13
2779	17
2780	12
2781	12
2782	15
2783	10
2784	21
2785	13
2786	14
2787	15
2788	6
2789	12
2790	8
2791	13
2792	11
2793	12
2794	17
2795	9
2796	15
2797	11
2798	14
2799	14
2800	19
2801	11
2802	14
2803	11
2804	9
2805	14
2806	8
2807	13
2808	17
2809	10
2810	17
2811	12
2812	18
35580	1
2813	10
2814	14
2815	10
2816	23
2817	7
19201	1
2818	10
2819	10
2820	12
2821	10
2822	11
2823	9
2824	11
2825	14
2826	13
2827	16
2828	5
2829	14
2830	12
2831	8
2832	9
2833	10
2834	7
2835	13
2836	11
2837	23
2838	21
2839	19
2840	8
2841	9
2842	8
35610	1
2843	15
2844	12
2845	18
2846	10
2847	14
2848	8
2849	15
19233	1
2850	14
2851	15
2852	7
2853	15
2854	17
2855	13
2856	9
2857	9
2858	7
2859	21
2860	12
2861	14
2862	10
19247	1
2863	10
2864	6
2865	10
2866	9
2867	9
2868	14
2869	9
2870	7
2871	14
2872	17
2873	10
2874	9
2875	13
2876	12
2877	14
2878	14
2879	7
2880	18
2881	12
2882	7
2883	10
2884	13
2885	15
2886	7
2887	4
2888	22
2889	9
2890	14
19274	1
2891	16
2892	9
2893	8
2894	13
2895	8
2896	9
2897	13
2898	16
2899	9
2900	14
2901	12
2902	8
2903	9
2904	9
2905	9
2906	13
2907	7
2908	11
2909	11
2910	14
2911	9
2912	11
2913	17
2914	9
2915	7
2916	16
2917	12
2918	14
2919	19
2920	7
2921	8
2922	10
2923	11
2924	9
2925	11
2926	11
2927	15
2928	9
2929	10
2930	9
2931	6
2932	9
2933	10
2934	15
2935	10
2936	6
2937	9
2938	10
2939	3
2940	6
2941	14
2942	10
2943	7
2944	17
2945	12
2946	8
2947	6
2948	8
2949	13
2950	9
2951	12
2952	8
2953	12
2954	8
2955	13
2956	8
2957	13
2958	18
2959	8
2960	5
2961	13
2962	8
2963	10
2964	11
2965	12
2966	10
2967	12
2968	10
2969	6
2970	7
2971	8
2972	8
2973	5
2974	16
2975	6
2976	4
2977	13
2978	14
2979	8
2980	9
2981	9
2982	15
2983	6
2984	10
19368	2
2985	16
2986	12
2987	5
2988	14
2989	11
2990	16
2991	14
2992	5
2993	13
2994	14
2995	4
2996	15
2997	8
2998	9
2999	8
3000	12
3001	7
3002	11
3003	10
3004	12
3005	8
3006	10
3007	8
3008	10
3009	10
3010	5
3011	10
3012	18
3013	7
3014	7
3015	7
3016	9
3017	8
3018	9
3019	10
3020	5
3021	9
3022	8
3023	11
3024	6
3025	10
3026	13
3027	12
3028	9
3029	6
3030	7
3031	12
3032	6
3033	6
3034	13
3035	7
3036	5
3037	11
3038	6
3039	12
3040	6
3041	13
3042	13
3043	13
3044	11
3045	10
3046	16
3047	8
3048	17
3049	7
3050	13
3051	11
3052	9
3053	8
3054	10
3055	5
3056	10
3057	9
3058	1
3059	11
3060	6
3061	6
3062	10
3063	4
3064	12
3065	7
3066	9
3067	8
3068	8
3069	9
3070	8
3071	6
3072	8
3073	12
3074	15
3075	13
3076	5
3077	9
3078	8
3079	8
3080	13
3081	19
3082	10
3083	12
3084	8
3085	6
3086	11
3087	11
3088	15
3089	8
3090	7
3091	9
3092	7
3093	8
3094	8
3095	6
3096	6
3097	6
3098	7
3099	7
3100	5
3101	6
3102	6
3103	13
3104	13
3105	3
3106	6
3107	6
3108	1
3109	8
3110	4
3111	4
3112	5
3113	6
3114	4
3115	13
3116	5
3117	12
3118	7
3119	8
3120	10
3121	7
3122	7
3123	6
3124	7
3125	11
3126	10
3127	4
3128	6
3129	8
3130	14
3131	11
3132	13
3133	6
3134	14
3135	11
3136	10
3137	5
3138	5
3139	6
3140	11
3141	3
3142	9
3143	10
3144	8
3145	3
3146	10
3147	11
3148	5
3149	7
19533	1
3150	4
3151	6
3152	10
3153	12
3154	4
3155	5
3156	5
3157	8
3158	4
3159	6
3160	10
3161	5
3162	14
3163	4
3164	3
3165	9
3166	4
3167	9
3168	4
3169	7
3170	5
3171	2
3172	6
3173	11
3174	5
3175	2
3176	13
3177	13
3178	7
3179	7
3180	10
3181	4
3182	5
3183	12
3184	8
3185	6
3186	8
3187	5
3188	8
3189	6
3190	12
3191	5
3192	6
3193	10
3194	3
3195	11
3196	13
3197	8
3198	6
3199	11
35967	1
3200	8
3201	5
3202	6
3203	13
3204	5
3205	6
3206	6
3207	13
3208	10
3209	8
3210	6
3211	6
3212	5
3213	9
3214	4
3215	6
3216	6
3217	6
3218	4
3219	9
3220	5
3221	8
3222	9
3223	7
3224	8
3225	8
3226	6
3227	11
3228	5
3229	12
3230	7
3231	7
3232	6
3233	7
3234	12
3235	7
3236	6
3237	10
3238	6
3239	4
3240	9
3241	10
3242	7
3243	4
3244	5
3245	8
3246	5
3247	5
3248	9
3249	10
3250	6
3251	4
3252	8
3253	4
3254	9
3255	7
3256	10
3257	7
3258	9
3259	7
3260	8
3261	11
3262	8
3263	6
3264	4
3265	2
3266	5
3267	6
3268	10
3269	4
3270	5
3271	9
3272	8
3273	9
3274	4
3275	10
3276	5
3277	9
3278	6
3279	8
3280	5
3281	8
3282	9
3283	6
3284	9
3285	9
3286	6
3287	6
3288	5
3289	8
3290	9
3291	8
3292	10
3293	7
3294	3
3295	11
3296	7
3297	8
3298	4
3299	8
3300	5
3301	9
3302	4
3303	4
3304	6
3305	5
3306	5
3307	3
3308	16
3309	5
3310	4
3311	5
3312	7
3313	6
3314	4
3315	8
3316	3
3317	9
3318	7
3319	10
3320	3
3321	4
3322	4
3323	9
3324	7
3325	8
3326	5
3327	5
3328	12
3329	4
3330	5
3331	7
3332	6
3333	6
3334	3
3335	6
3336	3
3337	4
3338	8
3339	5
3340	4
3341	8
3342	5
3343	7
3344	5
3345	3
3346	8
3347	5
3348	4
3349	4
3350	8
3351	5
3352	7
3353	3
3354	14
3355	11
3356	7
3357	8
3358	5
3359	4
3360	9
3361	3
3362	9
3363	9
3364	5
3365	6
3366	9
3367	5
3368	6
3369	4
3370	8
3371	5
3372	3
3373	4
3374	6
3375	7
3376	5
3377	2
3378	2
3379	5
3381	6
3382	5
3383	6
3384	7
3385	3
3386	5
3387	4
3388	4
3389	2
3390	8
3391	7
3392	6
3393	2
3394	4
3395	7
3396	10
3397	10
3398	6
3399	2
3400	2
3401	8
3402	8
3403	2
3404	4
3405	4
3406	9
3407	7
3408	7
3409	1
3410	2
3411	9
3412	8
3413	5
3414	5
3415	5
3416	6
3417	5
3418	6
3419	7
3420	2
3421	8
3422	6
3423	4
3424	5
3425	12
3426	6
3427	3
3428	4
3429	9
3430	7
3431	5
3432	4
3433	10
3434	4
3435	2
3436	9
3437	6
3438	10
3439	8
3440	2
3441	6
3442	4
3443	3
3444	5
3445	4
3446	11
3447	6
3448	9
3449	7
3450	3
3451	5
3452	4
3453	10
3454	5
3455	9
3456	4
3457	3
3458	17
3459	5
3460	3
3461	6
3462	3
3463	5
3464	3
3465	5
3466	7
3467	5
3468	3
3469	6
3470	8
3471	4
3472	4
19856	1
3473	6
3474	1
3475	4
3476	5
3477	2
3478	7
3479	6
3480	3
3481	2
3482	5
3483	5
3484	4
3485	7
3486	6
3487	7
3488	3
3489	7
3490	5
3491	6
3492	6
3493	2
3494	5
3495	7
3496	5
3497	3
3498	2
3499	6
3500	9
3501	6
3502	6
3503	6
3504	6
3505	3
3506	8
3507	3
3508	5
3509	7
3510	1
3511	4
3512	8
3513	4
3514	3
3515	6
3516	4
3517	5
3518	1
3519	6
3520	4
3521	5
3522	4
3523	4
3524	2
3525	10
3526	7
3527	4
3528	3
3529	5
3530	2
3531	4
3532	6
3533	6
3535	9
3536	2
3537	5
3538	4
3539	9
3540	5
3541	4
3542	9
3543	6
3544	7
3545	7
3546	4
19931	1
3547	4
3548	7
3549	4
3550	6
3551	6
3552	4
3553	6
3554	5
3555	2
3556	3
3557	6
3558	8
3559	3
3560	3
3561	6
3562	4
3563	5
3564	10
3565	2
3566	9
3567	2
3568	8
3569	6
3570	7
3571	5
3572	5
3573	3
3574	3
3575	4
3576	6
3577	5
3578	3
3579	7
19964	1
3580	2
3581	6
3582	2
3583	2
3584	8
3585	2
3586	2
3587	6
3588	11
3589	4
3590	4
3591	3
3592	5
3593	4
3594	7
3595	10
3596	1
3597	4
3598	8
3600	4
3601	6
3602	2
3603	4
3604	8
3605	5
3606	4
3607	7
3608	7
3609	9
3610	5
3611	3
3612	4
3614	6
3615	6
3616	6
3617	7
3618	8
3619	5
3620	4
3621	2
3622	3
3623	4
3624	3
3625	6
3626	2
3627	4
3628	4
3629	4
3630	1
3631	4
3632	5
3633	4
3634	4
3635	2
3636	4
3637	1
3638	4
3639	6
3640	1
3641	3
3642	6
3643	4
3644	3
3645	3
3646	2
3647	2
3648	5
3649	3
3650	4
3651	6
3652	4
3653	4
3654	5
3655	4
3656	7
3657	2
3658	4
3659	3
3660	2
20045	1
3661	7
3662	3
3663	6
3664	5
3665	1
3666	6
3667	1
3668	9
3669	3
3670	6
3671	2
3672	9
3673	5
3674	3
3675	3
3676	1
3677	3
3678	5
3679	7
3680	6
3681	3
3682	4
3684	2
3685	5
3686	6
3687	3
3688	2
3689	2
3690	3
3691	8
3693	3
3694	4
3695	1
3696	3
3697	5
3698	1
3699	3
3700	4
3701	4
3702	1
3703	6
3704	6
3705	2
3706	1
3707	3
3708	9
3709	1
3710	9
3711	7
3712	6
3713	2
3715	5
3716	4
3717	3
3718	6
3719	4
3720	1
3721	5
3722	1
3723	1
3724	4
3725	3
3726	3
3727	2
3728	5
3729	8
3730	2
3731	6
3732	6
3733	5
3734	3
3735	4
3736	4
3737	1
3738	5
3739	3
3740	3
3741	4
3742	4
3743	3
3744	4
3745	2
3746	6
3747	6
3748	6
3749	5
3750	1
3751	2
3752	3
3753	5
3754	3
3755	8
3756	5
3758	4
3759	4
3760	5
3761	4
3762	3
3763	2
3764	1
3765	6
3766	1
3767	2
3768	4
3769	6
3770	6
3771	3
3772	3
3773	8
3774	4
3775	5
3776	2
3777	6
3778	4
3779	2
3780	6
3781	4
3782	5
3783	2
3784	3
3785	5
3786	8
3787	1
3788	1
3789	1
3790	3
3791	4
3792	4
3793	4
3794	3
3795	1
3796	1
3797	1
3798	2
3799	1
3800	3
3801	5
3802	5
3803	3
3805	5
3806	3
3807	3
3808	3
3809	3
3810	3
3811	5
3812	1
3813	4
3814	3
3815	5
3816	8
3817	1
3818	3
3819	2
3820	3
3821	6
3822	5
3823	10
3824	5
3825	4
3826	3
3827	4
3828	1
3829	6
3830	6
3831	2
3832	1
3833	6
3834	1
3835	3
3836	3
3837	3
3838	1
3839	1
3840	3
20224	1
3841	4
3842	3
3843	4
3844	2
3845	3
3846	3
3847	6
3848	4
3850	2
3851	2
3852	5
3853	4
3854	5
3855	5
3856	4
3857	4
3858	1
3859	1
3860	10
3861	3
3862	6
3863	4
3864	5
3865	4
3866	2
3867	5
3868	5
3869	3
3870	4
3871	3
3872	4
3873	1
3874	5
3875	3
3876	2
3877	2
3878	3
3879	2
3880	4
3881	3
3882	4
3883	4
3884	1
3885	3
3886	3
3887	4
3888	3
3889	2
3890	7
3891	4
3892	5
3893	5
3894	4
3895	4
3896	8
3898	7
3899	2
3900	6
3901	4
3902	4
3903	5
20288	2
3904	5
3905	2
3906	3
3907	5
3908	5
3909	2
3910	6
3911	1
3912	4
3913	6
3914	1
3915	4
3916	2
3918	5
3919	7
3920	2
3921	1
3922	1
3923	6
3924	3
3925	3
3926	3
3927	4
3928	1
3929	8
3930	5
3931	5
3932	2
3933	5
3934	3
3935	1
3936	5
3938	4
3939	3
3940	2
3941	6
3942	5
3943	2
3944	5
3945	3
3946	3
3947	5
3948	6
3949	3
3950	4
3951	4
3952	1
3953	2
3954	3
3955	2
3956	5
3957	2
3958	2
3959	1
3960	4
3961	3
3962	3
3963	6
3964	5
3965	1
3966	2
3967	1
3968	1
3969	1
3970	7
3971	6
3972	2
3973	1
3974	5
3975	4
3976	3
3977	4
3978	2
3979	1
3980	3
3981	3
3982	4
3983	4
3984	3
3985	7
3986	4
3987	3
3988	6
3989	3
3990	2
3991	3
3992	3
3994	3
3995	4
3997	5
3998	3
3999	5
4000	1
4001	2
4002	3
4003	2
4004	1
4005	2
4006	7
4007	6
4008	2
4009	7
4010	4
4011	3
4012	3
4013	1
4014	4
4015	1
4016	2
4017	2
4018	1
4019	1
4020	5
4021	4
4022	1
4023	2
4024	3
4025	4
4026	4
4027	5
4028	4
4029	2
4030	7
4031	4
4032	4
4033	4
4034	2
4035	2
4036	3
4037	4
4038	3
4039	2
4040	3
4041	3
4042	6
4043	4
4044	1
4046	4
4047	2
4048	2
4049	8
4050	1
4051	2
4052	3
4053	3
4054	6
4055	6
4056	6
4057	3
4058	4
4061	3
4062	1
4063	1
4066	3
4067	1
4068	5
4069	1
4070	3
4071	4
4072	3
4073	4
4074	4
4075	2
4076	3
4077	1
4078	5
4079	1
4080	5
4081	1
4082	2
4083	1
4085	4
4087	3
4088	1
4089	3
4090	5
20475	1
4092	3
4093	4
4094	4
4095	1
4096	3
4097	3
4098	1
4099	4
4100	4
4101	1
4102	1
4103	4
4104	5
4105	2
4106	2
4107	3
4108	3
4109	1
4110	2
4111	2
4112	3
4113	1
4114	6
4115	1
4116	4
4117	5
4118	2
4119	7
4120	3
4121	2
4122	4
4123	1
4124	7
4125	1
4126	3
4127	1
4128	1
4129	1
4130	1
4131	2
4132	5
4133	5
4134	1
36903	1
4135	2
4136	3
4137	3
4138	7
4139	4
4140	4
4141	1
4142	4
4143	1
4144	1
4145	2
4146	3
4147	3
4149	5
4151	4
4152	3
4155	4
4156	3
4157	3
4158	4
4159	1
4160	3
4161	5
4162	1
4163	3
20547	1
4164	3
4165	3
4166	3
4167	6
20551	1
4168	3
4169	3
4170	3
4171	2
4172	2
4173	7
4174	2
4176	2
4177	3
4178	1
4179	5
4180	2
4181	1
4182	5
4183	1
4184	3
4185	2
4186	1
4187	3
4188	1
4189	2
4191	1
4192	6
4193	1
4195	1
4196	4
4197	5
4198	2
4199	4
4200	2
4201	1
4202	2
4203	3
4204	5
4205	4
4206	4
4207	3
4208	4
4209	2
4211	1
4212	3
4213	2
4214	5
4215	3
4217	3
4218	3
4219	6
4220	3
4221	5
4222	1
4223	5
4224	3
20608	1
4225	2
4226	2
4227	1
4228	4
4230	3
4231	5
4232	3
4233	3
4234	1
4235	3
4236	1
4237	2
4238	3
4239	2
4240	2
4241	4
4242	2
4243	2
4244	2
4245	3
4246	1
4248	1
4249	2
4250	4
4252	3
4253	2
4254	2
4255	6
4256	7
4257	2
4258	4
4259	2
4260	2
4261	2
4262	2
4263	2
4264	5
4266	1
4267	4
4269	3
4270	1
4271	1
4272	3
4274	4
4275	6
4276	1
4277	2
4278	4
4279	1
4280	2
4281	3
4282	2
4283	4
4284	2
4285	1
4286	1
4287	3
4288	3
4289	3
4290	2
4291	1
4292	2
4293	6
4294	3
4295	4
4296	1
4297	1
4298	2
4299	4
4301	1
4302	1
4303	3
4304	3
4305	3
4306	1
4307	1
4308	2
4309	3
4311	2
4312	2
4313	1
4314	1
4315	1
4316	1
4317	1
4318	1
4319	1
4322	3
4323	4
4324	1
4325	1
4326	4
4327	3
4328	1
4329	4
4331	2
4332	2
4333	1
4334	4
4335	1
4336	1
4337	3
4338	2
4340	3
4341	3
4342	2
4343	2
4344	3
4345	3
4346	2
4347	1
4348	1
4349	3
4350	2
4351	1
4352	5
4353	3
4354	4
4355	3
4356	1
4357	4
4358	3
4359	4
4362	1
4363	1
4364	3
4365	1
4366	1
4368	2
4369	2
4370	1
4371	2
4372	3
4373	1
4374	3
4375	1
4376	2
4377	2
4378	1
4379	2
4380	2
4381	1
4382	1
4383	3
4384	4
4385	3
4386	3
4387	2
4388	2
4389	2
4390	4
4391	5
4393	2
4395	1
4396	3
4397	1
4398	1
4399	3
4400	4
4402	1
4403	3
4404	1
4405	2
4406	1
4407	1
4408	2
4409	2
4410	3
4411	1
4412	1
4413	3
4414	1
4415	3
4416	1
4417	4
4418	2
4419	2
4421	3
4422	1
4423	3
4424	4
4425	4
4426	3
4427	4
4428	1
4429	1
4430	3
4431	1
4432	1
4433	3
4435	1
4436	1
4437	2
4438	2
4439	1
4440	2
4441	2
4442	2
4443	3
4444	1
4445	3
4446	2
4447	4
4448	4
4449	1
4450	1
4451	2
4453	3
4454	3
4455	3
4456	2
4457	2
4458	5
4459	1
4461	2
4462	2
4463	1
4464	2
4465	2
4467	6
4469	1
4470	4
4471	2
4472	5
4473	2
4474	2
4475	3
4477	2
4478	2
4479	1
4480	3
4481	5
4482	1
4483	2
4484	2
4485	3
4486	5
4487	1
4488	4
4489	2
4490	3
4492	4
4494	1
4495	2
4496	3
4497	1
4499	1
4500	4
4501	1
4502	2
4504	2
4505	1
4507	5
4509	2
4510	2
4512	3
4513	1
4514	1
4515	1
4517	4
4518	6
4520	1
4521	4
4522	5
4523	2
4524	2
4525	5
4526	3
4527	3
4528	4
4529	1
4530	1
4531	2
4532	5
4536	2
4537	2
4538	3
4539	4
4540	1
4542	2
4543	2
4544	3
4545	6
4546	5
4547	2
4550	2
4551	1
4552	2
4553	2
4554	5
4555	2
4556	3
4557	2
4558	1
4559	1
4560	1
4562	1
4563	1
4564	1
4565	1
4566	2
4568	1
4571	3
4573	3
4574	4
4575	2
4576	2
4577	1
4578	3
4579	1
4580	1
4581	1
4582	2
4583	2
4584	1
4585	1
4586	1
4587	2
4588	4
4589	2
4590	6
4592	1
4593	3
4594	8
4595	2
4596	3
4598	4
4599	3
4601	4
4602	4
4603	1
4604	3
4605	1
4606	1
4607	2
4609	1
4610	2
4611	4
4612	2
4613	6
4614	4
4615	1
4616	1
4617	2
4618	1
4619	1
4620	2
4621	1
4622	3
4623	2
4624	1
4625	2
4626	2
4627	1
4628	1
4629	1
4631	1
4632	1
4633	3
4635	1
4636	1
4637	4
4638	2
21022	1
4640	2
4641	3
4643	3
4644	1
4646	1
4647	3
4648	2
4649	4
4652	1
4653	4
4654	2
21038	1
4655	1
4656	1
4657	2
4659	3
4661	1
4662	2
4663	1
4664	2
4665	2
4666	3
4667	2
4670	3
4671	4
4673	3
4674	1
4675	2
4676	1
4677	1
4678	4
4680	2
4683	1
4684	1
4685	3
4686	1
4687	1
4688	2
4689	2
4690	1
4691	1
4692	3
4693	3
4694	2
4695	4
4696	2
4697	1
4698	3
4699	1
4700	1
4701	1
4702	1
4703	3
4704	1
4705	3
4706	2
4707	3
4708	5
4709	1
4711	1
4712	2
4713	1
4714	1
4715	1
4716	1
4717	3
4718	1
4719	3
4720	2
4721	1
4722	2
4723	1
4724	2
4726	4
4728	1
4729	2
4731	2
4732	1
4733	3
4734	1
4736	1
4737	2
4738	2
4740	2
4741	1
4742	1
4743	1
4744	1
4745	1
4746	2
4748	3
4749	3
4750	2
4751	2
4752	2
4753	2
4754	2
4755	1
4756	1
4757	1
4758	3
4760	2
4761	1
4762	1
4763	2
4764	2
4765	3
4766	2
4767	1
4768	2
4769	1
4770	1
4771	2
4773	3
4774	2
4775	1
4776	2
4777	2
4778	2
4779	1
4780	1
4782	1
4783	3
4784	2
4785	1
4789	3
4790	1
4791	1
4792	3
4795	2
4796	5
4798	1
4800	5
4802	1
4804	3
4806	2
4807	1
4810	3
4811	1
4812	1
4813	4
4814	2
4815	1
4816	1
4817	1
4819	2
4821	2
4822	2
4823	1
4824	2
4825	1
4826	3
4828	1
4829	1
4831	3
4832	3
4833	1
4834	3
4839	4
4840	2
4841	1
4843	2
4844	1
4845	2
4846	4
4848	1
4849	1
4850	1
4851	4
4852	1
4858	2
4860	1
4861	1
4865	1
4866	1
4867	2
4868	1
4869	1
4870	1
4872	2
4873	1
4874	1
4875	2
4877	3
4878	5
4879	1
4881	2
4882	1
4883	1
4884	1
4885	2
4887	4
4888	1
4889	1
4891	1
4892	1
21277	1
4893	1
4895	2
4897	1
4898	2
4899	3
4900	1
4901	1
4902	1
4903	2
4905	1
4906	1
4908	1
4909	2
4910	2
4911	1
4912	1
4913	2
4914	3
4915	1
4916	4
4919	2
4920	1
4921	3
4922	1
4923	1
4926	1
4928	1
4929	2
4930	2
4931	2
4932	2
4933	2
4934	3
4936	2
4938	2
4939	1
4940	1
4941	1
4942	2
4943	3
4944	4
4945	1
4946	3
4951	3
4952	1
4953	3
4955	1
4957	4
4958	1
4959	3
4960	3
4961	1
4964	3
4965	1
4966	1
4967	1
4968	2
4969	2
4971	2
4972	1
4977	1
4979	1
4980	3
4981	2
4983	2
4987	2
4988	1
4989	1
4990	1
4992	1
4993	1
4994	3
4997	1
4998	1
5000	1
5001	1
5002	1
5003	1
5005	2
5007	4
5009	1
5010	4
5011	6
5015	1
5016	2
5017	4
5018	1
5019	1
5020	3
5021	1
5022	2
5026	1
5027	1
5028	3
5029	2
5030	1
5031	2
5032	1
5034	2
5035	2
5036	2
5037	1
5038	2
5039	2
5040	2
5042	2
5043	1
5044	3
5046	4
5047	2
5049	2
5050	2
5051	1
5052	1
5055	5
5056	2
5058	2
5059	1
5060	1
5061	3
5062	1
5064	1
5065	2
5067	2
5069	2
5071	1
5075	3
5076	3
5078	2
5080	1
5081	1
5082	1
5083	1
5084	3
5086	1
5088	1
5090	3
5091	1
5092	1
5093	4
5094	1
5096	2
5098	1
5103	5
5104	3
5105	3
5107	1
5108	1
5109	1
5110	3
5113	2
5114	3
5115	1
5117	1
5118	1
5119	2
5120	1
5121	1
5123	2
5124	1
5125	1
5126	2
5127	1
5130	1
5132	1
5134	1
5135	1
5136	2
5137	1
5138	5
5139	1
5140	1
5141	1
5142	1
5143	2
5144	3
5146	1
5147	3
5148	1
5149	2
5151	1
5152	1
5153	2
5154	2
5156	3
5157	2
5158	1
5160	2
5162	1
5163	1
5166	1
5168	1
5169	2
5170	1
5171	1
5172	1
5173	2
5175	1
5176	1
5177	1
5179	1
5180	1
5181	1
5182	1
5183	1
5184	1
5186	3
5187	4
5188	1
5189	3
5190	2
5191	2
5193	1
5194	1
5195	1
5196	1
5201	2
5202	1
5203	1
5204	3
5205	1
5206	2
5207	2
5208	1
5209	2
5210	1
5211	2
5212	1
5217	1
5218	1
5222	1
5223	1
5224	2
5227	3
5229	2
5232	3
5234	2
5235	2
5236	3
5237	1
5238	1
5240	2
5242	1
5243	1
5244	3
5245	1
5249	1
5253	1
5255	1
5258	1
5262	1
5263	1
5264	1
5265	1
5268	1
5270	1
5271	1
5272	1
5274	1
5275	1
5276	1
5280	2
5281	1
5282	1
5283	1
5284	2
5286	1
5287	4
5288	2
5289	1
5290	3
5291	1
5294	2
5295	1
5299	2
5300	1
5301	1
5302	5
5303	2
5304	1
5307	1
5309	1
5310	1
5312	2
5313	1
5316	1
5318	2
5319	1
5320	1
5321	2
5325	1
5327	2
5328	1
5329	2
5330	1
5333	1
5335	1
5337	1
5338	1
5341	2
5342	2
5344	1
5345	1
5346	1
5348	2
5353	2
5354	2
5355	1
5356	2
5357	2
5358	2
5359	1
5363	3
5364	1
5365	1
5366	2
5368	3
5369	1
5371	1
5372	1
5373	4
5374	1
5376	1
5378	1
5379	1
5380	1
5381	1
5383	2
5385	1
5386	2
5387	5
5389	1
5390	2
5391	1
5396	2
5397	1
5401	1
5402	1
5403	1
5407	1
5408	2
5409	3
5411	2
5415	2
5416	1
5417	1
5420	1
5422	2
5423	1
5424	3
5425	1
5428	1
5430	1
5431	1
5432	1
5434	2
5435	1
5436	1
5437	1
5438	1
5439	3
5441	1
5443	1
5444	2
5445	1
5447	2
5448	3
5449	1
5450	1
5451	1
5452	2
5453	1
5456	3
5459	2
5460	1
5462	1
5465	2
5468	1
38237	1
5471	4
5473	1
5474	1
5475	1
5476	1
5477	4
5481	1
5484	1
5487	2
5488	1
5494	2
5495	1
5496	2
5498	1
5499	1
5500	1
5501	1
5502	1
5503	3
5505	2
5509	1
5512	1
5513	2
5514	1
5515	1
5520	1
5522	1
5524	2
5525	1
5531	3
5532	2
5535	3
5536	1
5539	1
5540	2
5541	1
5542	1
5543	2
5545	1
5546	2
5548	1
5553	1
5554	1
5555	1
5557	1
5560	2
5561	2
5562	2
5564	2
5565	4
5566	2
5571	2
5576	3
5577	2
5578	2
5579	2
5581	1
5582	2
5585	1
5586	3
5587	4
5589	1
5591	1
5593	2
5594	1
5596	1
5597	1
5599	1
5605	1
5607	3
5608	1
5610	1
5611	1
5614	1
5615	2
5617	1
5618	1
22003	1
5619	1
5623	1
5624	2
5625	1
5628	1
5629	1
5634	1
5635	2
5636	1
5637	4
5638	1
5640	1
5643	1
5644	1
5645	1
5646	1
5647	2
5648	1
5654	1
5657	1
5658	1
5660	1
5662	1
5665	1
5666	1
5667	2
5671	1
5672	2
5673	1
5674	1
5677	1
5678	2
5679	1
5680	27
5681	1
5683	2
5686	1
5687	2
5689	2
5692	1
5693	1
5694	1
5695	1
5696	1
5697	1
5701	2
5704	1
5706	1
5711	2
5712	1
5714	1
5716	1
5717	1
5719	1
5721	2
5724	2
5725	1
5727	1
5728	1
5729	1
5730	1
5731	3
5732	1
5738	1
5740	1
5741	2
5742	1
5743	2
5744	1
5749	1
5750	1
5751	1
5752	1
5753	2
5755	1
5757	1
5758	1
5765	1
5768	2
5770	2
5773	1
5776	1
5781	3
5784	1
5786	1
5788	1
5791	2
5793	1
5796	1
5799	1
5800	1
5802	2
5805	2
5806	1
5809	2
5811	1
5814	2
5815	3
5816	2
5820	2
5822	1
5824	1
5825	1
5828	1
5830	1
5831	1
5833	1
5836	2
5837	1
5842	2
5845	1
5867	1
5868	2
5869	1
5870	2
5872	1
5875	1
5876	1
5879	1
5880	2
5881	1
5882	2
5883	1
5884	1
5886	2
5887	2
5888	1
5891	1
5894	1
5896	1
5897	2
5900	1
5903	1
5906	2
5911	1
5913	1
5914	1
5915	1
5917	1
5925	1
5926	2
5927	1
5931	1
5934	1
5935	1
5937	1
5938	1
5944	1
5946	1
5948	1
5950	1
5953	1
5955	1
5957	1
5958	2
5959	1
5962	1
5963	1
5964	2
5967	2
22351	1
5974	1
5975	3
5976	2
5978	1
5984	2
5988	2
5990	4
5991	1
5993	1
5995	1
5998	1
6001	1
6005	3
6007	2
6010	1
6011	1
6014	2
6016	2
6017	2
6019	1
6023	2
6027	1
6029	2
6030	1
22415	1
6032	1
6034	1
6037	1
6039	1
6040	3
6045	1
6047	2
6050	1
6052	1
6053	2
6054	3
6057	1
6058	1
6059	1
6060	1
6061	1
6062	1
6069	1
6070	2
6071	1
6073	1
6074	1
6076	1
6077	1
6078	1
6079	1
6080	1
6081	1
6082	2
6083	1
6085	2
6087	1
6088	3
6089	1
6093	1
6096	2
6097	2
6100	1
6102	1
6103	1
6105	1
6106	2
6109	1
6114	1
6116	1
6117	1
6125	1
6126	1
6127	1
6128	1
6132	1
6134	1
6137	1
6138	1
6141	2
6145	1
6147	4
6148	1
6152	1
6153	2
6158	2
6166	1
6167	1
6168	1
6169	1
6170	1
6176	2
6178	6
6179	1
6181	1
6186	1
6188	1
6189	1
6194	2
6201	1
6203	1
6207	1
6209	2
6210	2
6211	3
6221	1
6225	1
6226	1
6230	1
6231	1
6232	2
6235	1
6240	1
6241	2
6242	1
6244	1
6245	1
6247	1
6248	2
6254	1
6255	1
6257	1
6258	1
6261	2
6262	1
6265	1
6267	1
6268	1
6273	1
6275	2
6276	1
6278	1
6279	1
6280	1
6281	1
6289	1
6290	2
6292	1
6295	1
6299	3
6301	1
6303	2
22687	1
6304	1
6306	1
6310	1
6315	1
6316	1
6323	2
6324	3
6329	1
6330	2
6333	1
6338	1
6343	2
6347	1
6348	2
6353	2
22738	1
6354	1
6356	1
6358	1
6359	1
6361	1
6362	1
6366	1
6373	1
6374	1
6379	2
6380	2
6383	1
6385	1
6388	2
6389	2
6391	1
6392	2
6393	1
6400	2
6406	2
6407	1
6410	1
6413	2
6416	2
6417	1
6421	2
6427	1
6430	1
6435	1
6438	1
6440	2
6442	1
6443	1
6446	1
6449	1
6451	1
6455	1
6456	1
6457	1
6458	2
6459	4
6463	1
6468	1
6470	1
6471	1
6476	1
6477	1
6486	1
6488	1
6490	2
6494	3
6496	2
6500	1
6502	2
6505	2
6508	1
6514	1
6516	1
6517	2
6519	1
6525	1
6530	2
6531	1
6532	1
6536	3
6538	1
6540	1
6542	1
6544	1
6549	1
6551	2
6552	1
6555	1
6557	1
6559	1
6562	4
6565	1
6567	2
6576	1
6577	1
6583	1
6584	1
6592	1
6593	1
6594	1
6601	1
6603	1
6604	1
6605	1
6618	1
6619	1
6621	1
6622	1
6625	1
6626	1
6632	2
6633	1
6635	1
6638	2
6639	1
6643	2
6647	1
6648	1
6649	1
6650	1
6652	1
6653	1
6664	1
6665	1
6666	1
6668	1
6670	1
6671	1
6674	1
6675	1
6679	1
6681	1
6684	1
6686	1
6688	2
6690	1
6691	1
6692	3
6695	1
6696	1
6700	1
6701	2
6703	2
6704	1
6707	1
6714	1
6716	3
6717	1
6718	1
6721	1
6722	1
6725	1
6726	1
6727	1
6728	1
6732	2
6737	1
6750	1
6757	1
6759	1
6761	1
6762	1
6765	1
6766	1
6770	2
6773	1
6775	1
6776	1
6778	1
6779	2
6780	1
6781	1
6782	1
6788	1
6789	1
6790	1
6793	2
6797	1
6802	1
6803	1
23188	1
6806	1
6810	1
6816	2
6822	1
6826	1
6830	1
6834	1
6835	1
6843	2
6844	1
6845	1
6847	1
6858	1
6861	2
6866	1
6872	3
6873	1
6875	1
6879	2
6884	1
6885	2
6886	1
6887	1
6892	1
6893	1
6896	1
6904	1
6912	1
6913	1
6915	1
6917	1
6918	1
23306	1
6923	2
6924	2
6931	1
6934	1
6939	1
6952	2
6954	2
6956	1
6958	1
6959	2
6960	1
6961	1
6965	2
6967	2
6970	1
6973	1
6979	1
6980	2
6981	1
6982	1
6985	1
6988	1
6993	1
6994	1
6998	1
7004	2
7005	1
7007	2
7008	1
7009	3
7019	1
7021	1
7022	1
7023	1
7032	1
7033	1
7045	2
7046	3
7047	1
7053	2
7055	3
7065	1
7067	2
7069	1
7070	1
7074	1
7081	2
7087	1
7097	1
23483	1
7115	1
7116	1
7117	2
7120	1
7122	1
7131	1
7132	2
7133	1
7137	1
7139	1
7143	2
7146	1
7152	1
7155	1
7156	1
7159	4
7162	1
7165	1
7166	1
7169	1
7173	1
7176	1
7178	2
7180	1
7197	1
7209	1
7212	1
7219	1
7220	1
7222	1
7225	1
7234	2
7244	1
7246	1
7249	1
7251	1
7253	1
7254	2
7260	1
7261	1
7262	1
7264	1
7271	1
7273	2
7275	1
7280	1
7283	1
7295	1
7311	1
7313	2
7314	1
7317	1
7318	1
7324	1
7331	1
7339	1
7345	1
7349	1
7352	2
7353	1
7354	2
7355	1
7359	1
7374	1
7375	2
7380	1
7381	1
7382	1
7383	1
7384	1
7387	1
7389	1
7394	1
40173	1
7405	1
7409	1
7410	1
7411	1
7418	1
7419	1
7421	1
7423	4
7426	1
7434	1
7447	1
7448	1
40219	1
7456	1
7458	1
7460	2
7462	1
7464	2
7465	1
7466	2
7473	2
7474	1
7475	3
7476	1
7478	1
7483	1
7485	1
7489	1
7500	1
7503	1
7508	1
7509	1
7510	1
7513	1
7514	1
7516	2
7519	1
7520	1
7535	1
7541	1
7542	1
7548	1
7551	1
7556	1
7558	1
7559	1
7561	1
7563	2
7570	1
7574	1
7575	2
7579	1
7582	1
7584	1
7588	1
7591	1
7595	3
7596	1
7602	2
7612	1
7619	1
7621	1
7625	1
7631	1
7636	1
7637	1
7640	1
7647	1
7653	1
7654	1
7665	2
7667	2
7668	1
7670	1
7671	1
7679	1
7683	1
7686	1
24082	1
7719	1
7724	1
7725	1
7739	1
7740	1
7741	1
7744	1
7750	1
7752	1
7759	1
7772	1
7779	1
7780	1
7786	1
7788	1
7790	1
7798	1
7800	1
7803	1
7822	1
7827	1
7828	1
7837	1
7839	1
7845	1
7846	2
7847	1
7869	1
7872	1
7874	1
7877	2
7894	1
7897	1
7898	1
7903	2
7907	1
7917	2
7929	1
7933	1
7937	1
7938	1
7942	1
7943	1
7947	1
7948	1
7949	1
7951	1
7967	1
7969	2
7970	1
7972	2
7977	1
7983	1
7989	1
7992	1
7993	1
7998	2
8005	1
8006	1
8009	1
8021	2
8032	1
8039	3
8045	1
8047	1
8049	1
8053	1
8084	1
8086	1
8095	1
8110	1
8118	1
8120	1
8131	1
8137	1
8143	1
8151	1
8155	1
8156	1
8162	1
8167	2
8170	1
8173	1
8174	1
8184	1
8185	1
8187	1
8205	1
8210	2
8211	1
8212	1
8216	1
8217	1
8218	1
8225	1
8226	1
8229	1
8232	1
8236	1
8237	1
8244	2
8256	1
8263	1
8268	1
8271	1
8275	1
8279	1
8280	1
8300	1
8301	1
8302	1
8303	1
8310	2
8314	1
8317	1
8329	2
8336	1
8337	1
8342	1
8347	1
8366	1
8367	1
8372	1
8378	1
8389	1
8392	1
8397	1
8398	1
8402	1
8424	1
8435	1
24820	1
8447	1
8464	1
8484	1
8487	1
8488	1
8498	1
8504	1
8511	3
8513	1
8515	1
8529	1
8539	1
8562	1
8585	1
8589	1
8598	1
8604	1
8607	1
8609	1
8610	1
8613	1
8617	1
8618	1
8630	1
8643	1
8644	1
8650	1
8655	1
25049	1
8672	1
8673	1
8676	2
8698	2
8700	1
8701	1
8707	2
8708	2
8711	1
8725	1
8727	2
8748	1
8753	1
8758	1
8775	2
8776	1
8795	1
8810	1
8813	1
8827	1
8835	1
8838	1
8839	1
25228	1
8856	1
8860	1
8864	1
8872	1
8874	1
8876	1
8877	1
8878	1
8879	1
8889	1
8896	1
8899	1
8925	1
8928	1
8929	1
8930	1
8931	1
8957	1
8973	1
8979	1
8986	1
8994	1
9002	2
9007	1
9034	1
9044	1
9045	1
9047	1
9053	1
9054	1
9061	1
9069	1
9072	1
9073	1
9084	1
9085	1
9086	1
9087	2
9090	1
9091	1
9107	1
9114	1
9135	1
9140	1
9151	1
9154	1
9177	2
9187	1
9190	1
9204	1
9207	1
9213	1
9217	1
9219	1
9220	1
9230	3
9237	1
9249	1
9256	2
9280	1
9281	1
9286	1
9293	1
9294	1
9304	1
9311	1
9318	1
9326	1
9337	1
9344	1
9358	1
9372	1
9385	1
9393	1
9397	1
9398	1
25782	1
9400	1
9401	1
9405	1
9412	1
58566	1
9418	1
25802	1
9421	1
9454	1
9475	1
9527	1
9537	1
9554	1
9556	1
25948	1
9564	1
9573	1
9574	1
9575	2
9582	1
9601	1
9609	1
9613	1
9627	1
9637	1
9640	1
9662	1
9689	1
9697	1
9699	1
9707	1
9735	1
9736	1
9755	1
9762	1
9799	1
9808	1
9832	1
9838	1
9853	1
9862	1
9863	1
9865	1
9868	1
9871	1
9887	1
9910	1
9935	1
42704	1
9952	1
26337	1
9972	1
9976	1
9990	1
9991	1
10004	1
26391	1
10023	1
10036	2
10041	1
10056	1
10057	1
10061	1
26446	1
10068	1
10070	1
10094	1
10114	1
10120	1
10145	1
10155	1
10162	1
26592	1
10215	1
10220	1
10239	1
10244	1
10254	1
10263	1
10268	1
10277	1
10283	1
10306	1
10317	1
10319	1
10320	1
26708	1
26718	1
10337	1
26743	1
10360	1
10362	1
10397	1
10407	1
10414	2
10428	1
10435	1
10436	1
10443	1
10450	1
10472	1
10477	1
10487	1
10492	1
10494	1
10498	1
10525	1
10537	1
10555	1
10569	1
10588	1
26989	1
26990	1
26992	1
10611	1
10613	3
10644	1
10662	1
10666	1
10710	1
10730	2
10771	2
10779	1
10780	1
10783	1
10838	1
10840	1
10864	1
10882	1
10885	1
10890	1
10892	1
10894	1
10897	1
10912	1
10923	1
10941	1
10952	1
10968	1
10993	1
11003	1
11015	1
11016	1
11022	1
11033	1
11038	1
11046	1
11063	1
11070	1
11072	1
11105	1
11106	1
11114	1
11119	1
11128	1
11141	1
11150	1
11153	1
11164	1
11176	1
11178	1
11206	1
11214	1
11245	1
11250	1
11252	1
11256	1
11279	1
11283	1
11298	1
11318	1
11321	1
11323	1
11352	2
11410	1
11428	1
11429	1
11448	1
11462	1
11535	1
11547	1
11587	1
11600	2
11604	2
11617	1
11623	1
11628	1
11630	1
11655	1
11688	1
11689	1
11713	2
11730	1
11732	1
11746	1
11756	1
11771	1
11777	1
11789	1
11808	2
11886	1
11899	1
11918	1
11922	1
11925	1
11931	1
11940	1
11944	1
11951	1
11959	1
11962	1
12009	1
12017	1
12021	1
12074	1
12077	1
12083	1
12090	1
12101	1
12102	1
12110	1
12111	1
12136	1
12145	1
12146	2
12156	1
12160	1
12162	1
12189	1
12242	1
12248	1
28641	1
12274	1
12280	1
12326	1
12374	1
12386	1
12388	1
28780	1
12398	1
12402	1
12445	1
28830	1
61602	1
12453	1
12454	1
12501	1
12516	1
12533	1
61705	1
12570	1
12582	1
12649	1
12710	1
12752	1
12831	1
12842	1
12850	1
29255	1
12895	1
12909	1
12956	1
13036	2
13038	1
13072	1
13076	1
13098	1
13102	1
13113	1
13119	1
13150	1
13174	1
13175	1
13187	1
13195	1
13242	1
13267	1
13326	1
13329	1
13334	1
13342	2
13375	1
13417	1
13426	1
13482	1
13504	1
13512	1
13550	2
29941	1
13572	1
13580	1
13611	1
13613	1
13615	1
13682	1
13689	1
13724	1
13744	1
13767	1
13822	1
13846	2
13900	1
13927	1
13955	1
14004	1
14016	1
14025	1
14103	1
14183	1
30597	1
14281	1
14285	1
47080	1
14350	1
14406	1
14438	1
14464	1
14465	1
14477	2
14526	1
14574	1
14652	1
14666	1
31055	1
14676	1
14728	1
14744	1
14790	1
14794	1
14905	1
14959	1
14982	1
15030	1
15055	2
15069	2
15095	1
15188	1
15317	1
15396	1
15405	1
15451	1
15456	1
15488	2
15502	1
15548	1
15561	2
15592	1
15752	1
15801	1
15849	1
15954	1
16039	1
16144	1
65367	1
16261	1
16271	1
16310	1
16334	1
