<?xml version="1.0" encoding="UTF-8"?><InteractionHistory Id="activity" Version="1"><InteractionEvent Delta="added" EndDate="2018-05-04 13:43:05.494 GMT+01:00" Interest="1.0" Kind="attention" Navigation="" OriginId="org.eclipse.ui.workbench" StartDate="2018-05-04 13:17:03.578 GMT+01:00" StructureHandle="none" StructureKind="workingset"/><InteractionEvent Delta="added" EndDate="2018-05-04 14:10:13.698 GMT+01:00" Interest="1.0" Kind="attention" Navigation="" OriginId="org.eclipse.ui.workbench" StartDate="2018-05-04 14:05:10.127 GMT+01:00" StructureHandle="none" StructureKind="workingset"/><InteractionEvent Delta="added" EndDate="2018-05-04 15:32:19.466 GMT+01:00" Interest="1.0" Kind="attention" Navigation="" OriginId="org.eclipse.ui.workbench" StartDate="2018-05-04 15:14:13.702 GMT+01:00" StructureHandle="none" StructureKind="workingset"/><InteractionEvent Delta="added" EndDate="2018-05-06 17:36:16.851 GMT+01:00" Interest="1.0" Kind="attention" Navigation="" OriginId="org.eclipse.ui.workbench" StartDate="2018-05-06 17:33:16.519 GMT+01:00" StructureHandle="none" StructureKind="workingset"/><InteractionEvent Delta="added" EndDate="2018-05-06 18:27:24.803 GMT+01:00" Interest="1.0" Kind="attention" Navigation="" OriginId="org.eclipse.ui.workbench" StartDate="2018-05-06 18:22:52.284 GMT+01:00" StructureHandle="none" StructureKind="workingset"/><InteractionEvent Delta="added" EndDate="2018-05-06 19:06:18.92 GMT+01:00" Interest="1.0" Kind="attention" Navigation="" OriginId="org.eclipse.ui.workbench" StartDate="2018-05-06 19:00:15.573 GMT+01:00" StructureHandle="none" StructureKind="workingset"/><InteractionEvent Delta="added" EndDate="2018-05-06 20:55:37.708 GMT+01:00" Interest="1.0" Kind="attention" Navigation="" OriginId="org.eclipse.ui.workbench" StartDate="2018-05-06 20:53:06.561 GMT+01:00" StructureHandle="none" StructureKind="workingset"/><InteractionEvent Delta="added" EndDate="2018-05-06 21:44:15.901 GMT+01:00" Interest="1.0" Kind="attention" Navigation="" OriginId="org.eclipse.ui.workbench" StartDate="2018-05-06 21:41:42.526 GMT+01:00" StructureHandle="none" StructureKind="workingset"/><InteractionEvent Delta="added" EndDate="2018-05-06 22:04:37.351 GMT+01:00" Interest="1.0" Kind="attention" Navigation="" OriginId="org.eclipse.ui.workbench" StartDate="2018-05-06 22:02:06.988 GMT+01:00" StructureHandle="none" StructureKind="workingset"/><InteractionEvent Delta="added" EndDate="2018-05-09 08:00:17.639 GMT+01:00" Interest="1.0" Kind="attention" Navigation="" OriginId="org.eclipse.ui.workbench" StartDate="2018-05-09 07:42:16.504 GMT+01:00" StructureHandle="none" StructureKind="workingset"/><InteractionEvent Delta="added" EndDate="2018-05-09 08:06:47.961 GMT+01:00" Interest="1.0" Kind="attention" Navigation="" OriginId="org.eclipse.ui.workbench" StartDate="2018-05-09 08:00:17.639 GMT+01:00" StructureHandle="none" StructureKind="workingset"/><InteractionEvent Delta="added" EndDate="2018-05-09 16:10:32.910 GMT+01:00" Interest="1.0" Kind="attention" Navigation="" OriginId="org.eclipse.ui.workbench" StartDate="2018-05-09 16:05:01.754 GMT+01:00" StructureHandle="none" StructureKind="workingset"/><InteractionEvent Delta="added" EndDate="2018-05-11 10:00:03.355 GMT+01:00" Interest="1.0" Kind="attention" Navigation="" OriginId="org.eclipse.ui.workbench" StartDate="2018-05-11 09:54:59.435 GMT+01:00" StructureHandle="none" StructureKind="workingset"/><InteractionEvent Delta="added" EndDate="2018-05-11 10:09:07.793 GMT+01:00" Interest="1.0" Kind="attention" Navigation="" OriginId="org.eclipse.ui.workbench" StartDate="2018-05-11 10:00:03.355 GMT+01:00" StructureHandle="none" StructureKind="workingset"/><InteractionEvent Delta="added" EndDate="2018-05-11 11:04:21.622 GMT+01:00" Interest="1.0" Kind="attention" Navigation="" OriginId="org.eclipse.ui.workbench" StartDate="2018-05-11 11:00:21.267 GMT+01:00" StructureHandle="none" StructureKind="workingset"/><InteractionEvent Delta="added" EndDate="2018-05-11 14:00:11.928 GMT+01:00" Interest="1.0" Kind="attention" Navigation="" OriginId="org.eclipse.ui.workbench" StartDate="2018-05-11 13:55:41.185 GMT+01:00" StructureHandle="none" StructureKind="workingset"/><InteractionEvent Delta="added" EndDate="2018-05-11 14:25:43.724 GMT+01:00" Interest="1.0" Kind="attention" Navigation="" OriginId="org.eclipse.ui.workbench" StartDate="2018-05-11 14:00:11.928 GMT+01:00" StructureHandle="none" StructureKind="workingset"/><InteractionEvent Delta="added" EndDate="2018-05-14 10:52:01.320 GMT+01:00" Interest="1.0" Kind="attention" Navigation="" OriginId="org.eclipse.ui.workbench" StartDate="2018-05-14 10:32:55.823 GMT+01:00" StructureHandle="none" StructureKind="workingset"/><InteractionEvent Delta="added" EndDate="2018-05-14 11:09:23.2 GMT+01:00" Interest="1.0" Kind="attention" Navigation="" OriginId="org.eclipse.ui.workbench" StartDate="2018-05-14 11:01:51.654 GMT+01:00" StructureHandle="none" StructureKind="workingset"/><InteractionEvent Delta="added" EndDate="2018-05-14 12:48:47.601 GMT+01:00" Interest="1.0" Kind="attention" Navigation="" OriginId="org.eclipse.ui.workbench" StartDate="2018-05-14 12:36:15.776 GMT+01:00" StructureHandle="none" StructureKind="workingset"/><InteractionEvent Delta="added" EndDate="2018-05-15 17:54:55.739 GMT+01:00" Interest="1.0" Kind="attention" Navigation="" OriginId="org.eclipse.ui.workbench" StartDate="2018-05-15 17:30:48.574 GMT+01:00" StructureHandle="none" StructureKind="workingset"/><InteractionEvent Delta="added" EndDate="2018-05-15 18:35:20.48 GMT+01:00" Interest="1.0" Kind="attention" Navigation="" OriginId="org.eclipse.ui.workbench" StartDate="2018-05-15 18:00:18.746 GMT+01:00" StructureHandle="none" StructureKind="workingset"/><InteractionEvent Delta="added" EndDate="2018-06-03 23:54:21.833 GMT+01:00" Interest="1.0" Kind="attention" Navigation="" OriginId="org.eclipse.ui.workbench" StartDate="2018-06-03 23:46:49.368 GMT+01:00" StructureHandle="none" StructureKind="workingset"/></InteractionHistory>